controller,engine,source_kind,seconds,net_deg,peak_net_deg,forward_deg,backward_deg,reason,original_reason,evidence
privileged-ppo-v1-u64,patched,new_frozen_learned_policy_episode,2.5060000000000002,94.6220833175894,94.6220833175896,94.6220833175894,-0.0,position_drift,position_drift,outputs/research/learning/privileged_ppo_v1/pilot_01/evaluations/update_0064/native/results.json
privileged-ppo-v1-u32,patched,new_frozen_learned_policy_episode,4.1465000000000005,79.58202919628599,79.5820291962861,80.34965728390179,0.7676280876158066,axis_tilt,axis_tilt,outputs/research/learning/privileged_ppo_v1/pilot_01/evaluations/update_0032/native/results.json
native-transport-v6,patched,archived_episode_physics_replay,55.63,75.00372405931235,75.00614665309963,98.86471865623147,23.860994596918648,no_complete_positive_successor,no_complete_positive_successor,outputs/research/certified/rotation_demo_benchmark_v1/native_v6_01/summary.json
privileged-ppo-v1-u16,patched,new_frozen_learned_policy_episode,4.8795,59.52690108052633,59.526901080526436,60.13913099157289,0.6122299110465563,position_drift,position_drift,outputs/research/learning/privileged_ppo_v1/pilot_01/evaluations/update_0016/native/results.json
recorded_period_endpoint_correction_v2,patched,existing_executed_episode_rescore,120.0,33.09977309701776,47.12542975103292,172.6259112196426,139.52613812262484,physical_time_limit,physical_time_limit,docs/research/2026-10-07-failure-driven-validation/data/refined_execution.json
pbds-local-frozen,patched,archived_episode_physics_replay,19.0395,17.39964475328233,17.39964475328233,18.403399308938567,1.0037545556561371,physical:nonpad_contact,physical:nonpad_contact,outputs/research/certified/rotation_demo_benchmark_v1/pbds_01/summary.json
sampling-mpc,patched,live_controller,120.0,15.714509855969926,19.52609566939841,666.9317666967752,651.2172568408123,time_limit,,outputs/research/certified/rotation_demo_benchmark_v1/sampling_mpc_01/summary.json
joint_native_recurrent_input_v1,patched,new_long_episode_prefix_rescore,101.384,14.858990324714973,29.02256923692808,144.75991755945867,129.90092723474316,position_drift,position_drift,docs/research/2026-10-08-joint-long-run/data/results.json
joint_native_two_period_v1,patched,existing_executed_episode_rescore,30.060000000000002,7.862886949386462,21.082613502131373,43.443960971198564,35.58107402181201,two_period_validation_limit_with_recording_error,two_period_validation_limit_with_recording_error,docs/research/2026-10-07-joint-native-trajectory/data/results.json
privileged-ppo-v1-u0,patched,untrained_policy_control,3.092,5.344970117642198,5.3930791133951494,5.451563826506626,0.1065937088644282,lost_support,lost_support,outputs/research/learning/privileged_ppo_v1/pilot_01/evaluations/update_0000/native/results.json
free,patched,live_controller,0.0005,0.08645416531134974,0.08645416531134974,0.08645416531134974,0.0,physical_failure,,outputs/research/certified/rotation_demo_benchmark_v1/free_01/summary.json
drop,patched,live_controller,0.0,0.0,0.0,0.0,0.0,physical_failure,,outputs/research/certified/rotation_demo_benchmark_v1/drop_01/summary.json
jiang,patched,live_controller,0.008,-0.42175631132490027,0.0,0.0,0.42175631132490027,physical_failure,,outputs/research/certified/rotation_demo_benchmark_v1/jiang_01/summary.json
jiang-full,patched,live_controller,0.187,-0.5730709271836976,0.0,0.07923427807472194,0.6523052052584196,physical_failure,,outputs/research/certified/rotation_demo_benchmark_v1/jiang_full_01/summary.json
archived-sampling-mpc-wheel,wheel,archived_episode_physics_replay,120.0,247.0201358827764,247.0201358827764,725.068979757328,478.0488438745603,time_limit,target_reached,outputs/research/certified/rotation_demo_benchmark_v1/historical_wheel_01/summary.json
